Modality,Gender,Race_ETH,Tobacco_Ever,Afib,PVD,Statins,anyPhysicalActivity,weight
CT,F,Asian and Pacific Islander,0,0,0,0,0,0.000320496
,,,,,,,,
,,,,,,,,
CT,F,Asian and Pacific Islander,0,0,0,0,1,0.022301411766945806
,,,,,,,,
,,,,,,,,
CT,F,Asian and Pacific Islander,0,0,0,1,0,0.000507716
,,,,,,,,
,,,,,,,,
CT,F,Asian and Pacific Islander,0,0,0,1,1,0.017294065755528547
,,,,,,,,
,,,,,,,,
CT,F,Asian and Pacific Islander,0,0,1,0,0,7.298413071140488e-05
,,,,,,,,
,,,,,,,,
CT,F,Asian and Pacific Islander,0,0,1,0,1,0.000152315
,,,,,,,,
,,,,,,,,
CT,F,Asian and Pacific Islander,0,0,1,1,0,0.000142795
,,,,,,,,
,,,,,,,,
CT,F,Asian and Pacific Islander,0,0,1,1,1,0.000352228
,,,,,,,,
,,,,,,,,
CT,F,Asian and Pacific Islander,0,1,0,0,0,7.933057686022269e-05
,,,,,,,,
,,,,,,,,
CT,F,Asian and Pacific Islander,0,1,0,0,1,0.000485503
,,,,,,,,
,,,,,,,,
CT,F,Asian and Pacific Islander,0,1,0,1,0,0.000117409
,,,,,,,,
,,,,,,,,
CT,F,Asian and Pacific Islander,0,1,0,1,1,0.000859943
,,,,,,,,
,,,,,,,,
CT,F,Asian and Pacific Islander,0,1,1,0,0,1.2692892297635631e-05
,,,,,,,,
,,,,,,,,
CT,F,Asian and Pacific Islander,0,1,1,0,1,3.1732230744089077e-06
,,,,,,,,
,,,,,,,,
CT,F,Asian and Pacific Islander,0,1,1,1,0,2.855900766968017e-05
,,,,,,,,
,,,,,,,,
CT,F,Asian and Pacific Islander,0,1,1,1,1,4.12518999673158e-05
,,,,,,,,
,,,,,,,,
CT,F,Asian and Pacific Islander,1,0,0,0,0,0.000320496
,,,,,,,,
,,,,,,,,
CT,F,Asian and Pacific Islander,1,0,0,0,1,0.00432193
,,,,,,,,
,,,,,,,,
CT,F,Asian and Pacific Islander,1,0,0,1,0,0.000609259
,,,,,,,,
,,,,,,,,
CT,F,Asian and Pacific Islander,1,0,0,1,1,0.004556748
,,,,,,,,
,,,,,,,,
CT,F,Asian and Pacific Islander,1,0,1,0,0,4.12518999673158e-05
,,,,,,,,
,,,,,,,,
CT,F,Asian and Pacific Islander,1,0,1,0,1,6.029123841376925e-05
,,,,,,,,
,,,,,,,,
CT,F,Asian and Pacific Islander,1,0,1,1,0,8.25037999346316e-05
,,,,,,,,
,,,,,,,,
CT,F,Asian and Pacific Islander,1,0,1,1,1,0.00010789
,,,,,,,,
,,,,,,,,
CT,F,Asian and Pacific Islander,1,1,0,0,0,3.8078676892906896e-05
,,,,,,,,
,,,,,,,,
CT,F,Asian and Pacific Islander,1,1,0,0,1,9.202346915785832e-05
,,,,,,,,
,,,,,,,,
CT,F,Asian and Pacific Islander,1,1,0,1,0,0.000117409
,,,,,,,,
,,,,,,,,
CT,F,Asian and Pacific Islander,1,1,0,1,1,0.000222126
,,,,,,,,
,,,,,,,,
CT,F,Asian and Pacific Islander,1,1,1,0,0,9.519669223226724e-06
,,,,,,,,
,,,,,,,,
CT,F,Asian and Pacific Islander,1,1,1,1,0,1.586611537204454e-05
,,,,,,,,
,,,,,,,,
CT,F,Asian and Pacific Islander,1,1,1,1,1,3.1732230744089077e-06
,,,,,,,,
,,,,,,,,
CT,F,Black,0,0,0,0,0,0.002916192
,,,,,,,,
,,,,,,,,
CT,F,Black,0,0,0,0,1,0.013797174
,,,,,,,,
,,,,,,,,
CT,F,Black,0,0,0,1,0,0.002230776
,,,,,,,,
,,,,,,,,
CT,F,Black,0,0,0,1,1,0.007320626
,,,,,,,,
,,,,,,,,
CT,F,Black,0,0,1,0,0,0.000206259
,,,,,,,,
,,,,,,,,
CT,F,Black,0,0,1,0,1,0.00018722
,,,,,,,,
,,,,,,,,
CT,F,Black,0,0,1,1,0,0.000349055
,,,,,,,,
,,,,,,,,
CT,F,Black,0,0,1,1,1,0.000253858
,,,,,,,,
,,,,,,,,
CT,F,Black,0,1,0,0,0,0.000212606
,,,,,,,,
,,,,,,,,
CT,F,Black,0,1,0,0,1,0.000317322
,,,,,,,,
,,,,,,,,
CT,F,Black,0,1,0,1,0,0.000253858
,,,,,,,,
,,,,,,,,
CT,F,Black,0,1,0,1,1,0.000272897
,,,,,,,,
,,,,,,,,
CT,F,Black,0,1,1,0,0,2.2212561520862357e-05
,,,,,,,,
,,,,,,,,
CT,F,Black,0,1,1,0,1,1.2692892297635631e-05
,,,,,,,,
,,,,,,,,
CT,F,Black,0,1,1,1,0,3.4905453818497984e-05
,,,,,,,,
,,,,,,,,
CT,F,Black,0,1,1,1,1,1.586611537204454e-05
,,,,,,,,
,,,,,,,,
CT,F,Black,1,0,0,0,0,0.004007781
,,,,,,,,
,,,,,,,,
CT,F,Black,1,0,0,0,1,0.008342403
,,,,,,,,
,,,,,,,,
CT,F,Black,1,0,0,1,0,0.00421404
,,,,,,,,
,,,,,,,,
CT,F,Black,1,0,0,1,1,0.00624173
,,,,,,,,
,,,,,,,,
CT,F,Black,1,0,1,0,0,0.000307803
,,,,,,,,
,,,,,,,,
CT,F,Black,1,0,1,0,1,0.000168181
,,,,,,,,
,,,,,,,,
CT,F,Black,1,0,1,1,0,0.000606086
,,,,,,,,
,,,,,,,,
CT,F,Black,1,0,1,1,1,0.000342708
,,,,,,,,
,,,,,,,,
CT,F,Black,1,1,0,0,0,0.000228472
,,,,,,,,
,,,,,,,,
CT,F,Black,1,1,0,0,1,0.000174527
,,,,,,,,
,,,,,,,,
CT,F,Black,1,1,0,1,0,0.000380787
,,,,,,,,
,,,,,,,,
CT,F,Black,1,1,0,1,1,0.000237992
,,,,,,,,
,,,,,,,,
CT,F,Black,1,1,1,0,0,4.442512304172471e-05
,,,,,,,,
,,,,,,,,
CT,F,Black,1,1,1,1,0,0.000117409
,,,,,,,,
,,,,,,,,
CT,F,Black,1,1,1,1,1,2.855900766968017e-05
,,,,,,,,
,,,,,,,,
CT,F,Hispanic,0,0,0,0,0,0.012172483713432571
,,,,,,,,
,,,,,,,,
CT,F,Hispanic,0,0,0,0,1,0.051701324
,,,,,,,,
,,,,,,,,
CT,F,Hispanic,0,0,0,1,0,0.010820690683734376
,,,,,,,,
,,,,,,,,
CT,F,Hispanic,0,0,0,1,1,0.029482415584333163
,,,,,,,,
,,,,,,,,
CT,F,Hispanic,0,0,1,0,0,0.000523582
,,,,,,,,
,,,,,,,,
CT,F,Hispanic,0,0,1,0,1,0.000441078
,,,,,,,,
,,,,,,,,
CT,F,Hispanic,0,0,1,1,0,0.00096466
,,,,,,,,
,,,,,,,,
CT,F,Hispanic,0,0,1,1,1,0.000682243
,,,,,,,,
,,,,,,,,
CT,F,Hispanic,0,1,0,0,0,0.000656857
,,,,,,,,
,,,,,,,,
CT,F,Hispanic,0,1,0,0,1,0.000650511
,,,,,,,,
,,,,,,,,
CT,F,Hispanic,0,1,0,1,0,0.000990046
,,,,,,,,
,,,,,,,,
CT,F,Hispanic,0,1,0,1,1,0.000748881
,,,,,,,,
,,,,,,,,
CT,F,Hispanic,0,1,1,0,0,5.711801533936034e-05
,,,,,,,,
,,,,,,,,
CT,F,Hispanic,0,1,1,0,1,2.5385784595271262e-05
,,,,,,,,
,,,,,,,,
CT,F,Hispanic,0,1,1,1,0,0.000155488
,,,,,,,,
,,,,,,,,
CT,F,Hispanic,0,1,1,1,1,6.663768456258707e-05
,,,,,,,,
,,,,,,,,
CT,F,Hispanic,1,0,0,0,0,0.010011518799760104
,,,,,,,,
,,,,,,,,
CT,F,Hispanic,1,0,0,0,1,0.016630862132977087
,,,,,,,,
,,,,,,,,
CT,F,Hispanic,1,0,0,1,0,0.010312974991828951
,,,,,,,,
,,,,,,,,
CT,F,Hispanic,1,0,0,1,1,0.011858334629066089
,,,,,,,,
,,,,,,,,
CT,F,Hispanic,1,0,1,0,0,0.000380787
,,,,,,,,
,,,,,,,,
CT,F,Hispanic,1,0,1,0,1,0.000234819
,,,,,,,,
,,,,,,,,
CT,F,Hispanic,1,0,1,1,0,0.000780613
,,,,,,,,
,,,,,,,,
CT,F,Hispanic,1,0,1,1,1,0.000460117
,,,,,,,,
,,,,,,,,
CT,F,Hispanic,1,1,0,0,0,0.000387133
,,,,,,,,
,,,,,,,,
CT,F,Hispanic,1,1,0,0,1,0.000215779
,,,,,,,,
,,,,,,,,
CT,F,Hispanic,1,1,0,1,0,0.000793306
,,,,,,,,
,,,,,,,,
CT,F,Hispanic,1,1,0,1,1,0.000399826
,,,,,,,,
,,,,,,,,
CT,F,Hispanic,1,1,1,0,0,4.759834611613362e-05
,,,,,,,,
,,,,,,,,
CT,F,Hispanic,1,1,1,0,1,1.2692892297635631e-05
,,,,,,,,
,,,,,,,,
CT,F,Hispanic,1,1,1,1,0,0.000139622
,,,,,,,,
,,,,,,,,
CT,F,Hispanic,1,1,1,1,1,5.0771569190542523e-05
,,,,,,,,
,,,,,,,,
CT,F,White,0,0,0,0,0,0.006371832
,,,,,,,,
,,,,,,,,
CT,F,White,0,0,0,0,1,0.045862593
,,,,,,,,
,,,,,,,,
CT,F,White,0,0,0,1,0,0.005565833
,,,,,,,,
,,,,,,,,
CT,F,White,0,0,0,1,1,0.023358095050723972
,,,,,,,,
,,,,,,,,
CT,F,White,0,0,1,0,0,0.000609259
,,,,,,,,
,,,,,,,,
CT,F,White,0,0,1,0,1,0.00056166
,,,,,,,,
,,,,,,,,
CT,F,White,0,0,1,1,0,0.000717148
,,,,,,,,
,,,,,,,,
CT,F,White,0,0,1,1,1,0.000688589
,,,,,,,,
,,,,,,,,
CT,F,White,0,1,0,0,0,0.001307368
,,,,,,,,
,,,,,,,,
CT,F,White,0,1,0,0,1,0.001894414
,,,,,,,,
,,,,,,,,
CT,F,White,0,1,0,1,0,0.00154536
,,,,,,,,
,,,,,,,,
CT,F,White,0,1,0,1,1,0.001802391
,,,,,,,,
,,,,,,,,
CT,F,White,0,1,1,0,0,0.000206259
,,,,,,,,
,,,,,,,,
CT,F,White,0,1,1,0,1,6.981090763699597e-05
,,,,,,,,
,,,,,,,,
CT,F,White,0,1,1,1,0,0.000314149
,,,,,,,,
,,,,,,,,
CT,F,White,0,1,1,1,1,0.000142795
,,,,,,,,
,,,,,,,,
CT,F,White,1,0,0,0,0,0.009960747
,,,,,,,,
,,,,,,,,
CT,F,White,1,0,0,0,1,0.030497846968144015
,,,,,,,,
,,,,,,,,
CT,F,White,1,0,0,1,0,0.010100369045843554
,,,,,,,,
,,,,,,,,
CT,F,White,1,0,0,1,1,0.019854856776576536
,,,,,,,,
,,,,,,,,
CT,F,White,1,0,1,0,0,0.000878983
,,,,,,,,
,,,,,,,,
CT,F,White,1,0,1,0,1,0.000517235
,,,,,,,,
,,,,,,,,
CT,F,White,1,0,1,1,0,0.001754792
,,,,,,,,
,,,,,,,,
CT,F,White,1,0,1,1,1,0.000926581
,,,,,,,,
,,,,,,,,
CT,F,White,1,1,0,0,0,0.001621517
,,,,,,,,
,,,,,,,,
CT,F,White,1,1,0,0,1,0.001212171
,,,,,,,,
,,,,,,,,
CT,F,White,1,1,0,1,0,0.002373571
,,,,,,,,
,,,,,,,,
CT,F,White,1,1,0,1,1,0.001631037
,,,,,,,,
,,,,,,,,
CT,F,White,1,1,1,0,0,0.00029511
,,,,,,,,
,,,,,,,,
CT,F,White,1,1,1,0,1,7.615735378581379e-05
,,,,,,,,
,,,,,,,,
CT,F,White,1,1,1,1,0,0.000520409
,,,,,,,,
,,,,,,,,
CT,F,White,1,1,1,1,1,0.000203086
,,,,,,,,
,,,,,,,,
CT,F,Multiple/Other/Unknown,0,0,0,0,0,0.000444251
,,,,,,,,
,,,,,,,,
CT,F,Multiple/Other/Unknown,0,0,0,0,1,0.004978787
,,,,,,,,
,,,,,,,,
CT,F,Multiple/Other/Unknown,0,0,0,1,0,0.000406173
,,,,,,,,
,,,,,,,,
CT,F,Multiple/Other/Unknown,0,0,0,1,1,0.002633775
,,,,,,,,
,,,,,,,,
CT,F,Multiple/Other/Unknown,0,0,1,0,0,1.9039338446453448e-05
,,,,,,,,
,,,,,,,,
CT,F,Multiple/Other/Unknown,0,0,1,0,1,3.173223074408908e-05
,,,,,,,,
,,,,,,,,
CT,F,Multiple/Other/Unknown,0,0,1,1,0,4.12518999673158e-05
,,,,,,,,
,,,,,,,,
CT,F,Multiple/Other/Unknown,0,0,1,1,1,5.0771569190542523e-05
,,,,,,,,
,,,,,,,,
CT,F,Multiple/Other/Unknown,0,1,0,0,0,5.711801533936034e-05
,,,,,,,,
,,,,,,,,
CT,F,Multiple/Other/Unknown,0,1,0,0,1,4.442512304172471e-05
,,,,,,,,
,,,,,,,,
CT,F,Multiple/Other/Unknown,0,1,0,1,0,8.567702300904051e-05
,,,,,,,,
,,,,,,,,
CT,F,Multiple/Other/Unknown,0,1,0,1,1,0.000117409
,,,,,,,,
,,,,,,,,
CT,F,Multiple/Other/Unknown,0,1,1,0,0,1.2692892297635631e-05
,,,,,,,,
,,,,,,,,
CT,F,Multiple/Other/Unknown,0,1,1,1,0,3.1732230744089077e-06
,,,,,,,,
,,,,,,,,
CT,F,Multiple/Other/Unknown,0,1,1,1,1,6.3464461488178154e-06
,,,,,,,,
,,,,,,,,
CT,F,Multiple/Other/Unknown,1,0,0,0,0,0.000590219
,,,,,,,,
,,,,,,,,
CT,F,Multiple/Other/Unknown,1,0,0,0,1,0.001796044
,,,,,,,,
,,,,,,,,
CT,F,Multiple/Other/Unknown,1,0,0,1,0,0.000555314
,,,,,,,,
,,,,,,,,
CT,F,Multiple/Other/Unknown,1,0,0,1,1,0.001186785
,,,,,,,,
,,,,,,,,
CT,F,Multiple/Other/Unknown,1,0,1,0,0,3.173223074408908e-05
,,,,,,,,
,,,,,,,,
CT,F,Multiple/Other/Unknown,1,0,1,0,1,1.2692892297635631e-05
,,,,,,,,
,,,,,,,,
CT,F,Multiple/Other/Unknown,1,0,1,1,0,9.202346915785832e-05
,,,,,,,,
,,,,,,,,
CT,F,Multiple/Other/Unknown,1,0,1,1,1,7.615735378581379e-05
,,,,,,,,
,,,,,,,,
CT,F,Multiple/Other/Unknown,1,1,0,0,0,5.3944792264951435e-05
,,,,,,,,
,,,,,,,,
CT,F,Multiple/Other/Unknown,1,1,0,0,1,2.855900766968017e-05
,,,,,,,,
,,,,,,,,
CT,F,Multiple/Other/Unknown,1,1,0,1,0,4.759834611613362e-05
,,,,,,,,
,,,,,,,,
CT,F,Multiple/Other/Unknown,1,1,0,1,1,6.029123841376925e-05
,,,,,,,,
,,,,,,,,
CT,F,Multiple/Other/Unknown,1,1,1,0,0,3.1732230744089077e-06
,,,,,,,,
,,,,,,,,
CT,F,Multiple/Other/Unknown,1,1,1,0,1,6.3464461488178154e-06
,,,,,,,,
,,,,,,,,
CT,F,Multiple/Other/Unknown,1,1,1,1,0,1.2692892297635631e-05
,,,,,,,,
,,,,,,,,
CT,M,Asian and Pacific Islander,0,0,0,0,0,1.9039338446453448e-05
,,,,,,,,
,,,,,,,,
CT,M,Asian and Pacific Islander,0,0,0,0,1,0.006549532
,,,,,,,,
,,,,,,,,
CT,M,Asian and Pacific Islander,0,0,0,1,0,6.663768456258707e-05
,,,,,,,,
,,,,,,,,
CT,M,Asian and Pacific Islander,0,0,0,1,1,0.00682243
,,,,,,,,
,,,,,,,,
CT,M,Asian and Pacific Islander,0,0,1,0,0,1.2692892297635631e-05
,,,,,,,,
,,,,,,,,
CT,M,Asian and Pacific Islander,0,0,1,0,1,6.663768456258707e-05
,,,,,,,,
,,,,,,,,
CT,M,Asian and Pacific Islander,0,0,1,1,0,2.5385784595271262e-05
,,,,,,,,
,,,,,,,,
CT,M,Asian and Pacific Islander,0,0,1,1,1,0.000180874
,,,,,,,,
,,,,,,,,
CT,M,Asian and Pacific Islander,0,1,0,0,1,0.000234819
,,,,,,,,
,,,,,,,,
CT,M,Asian and Pacific Islander,0,1,0,1,0,5.0771569190542523e-05
,,,,,,,,
,,,,,,,,
CT,M,Asian and Pacific Islander,0,1,0,1,1,0.000504542
,,,,,,,,
,,,,,,,,
CT,M,Asian and Pacific Islander,0,1,1,0,0,3.1732230744089077e-06
,,,,,,,,
,,,,,,,,
CT,M,Asian and Pacific Islander,0,1,1,0,1,6.3464461488178154e-06
,,,,,,,,
,,,,,,,,
CT,M,Asian and Pacific Islander,0,1,1,1,0,1.2692892297635631e-05
,,,,,,,,
,,,,,,,,
CT,M,Asian and Pacific Islander,0,1,1,1,1,1.586611537204454e-05
,,,,,,,,
,,,,,,,,
CT,M,Asian and Pacific Islander,1,0,0,0,0,0.000133275
,,,,,,,,
,,,,,,,,
CT,M,Asian and Pacific Islander,1,0,0,0,1,0.005502369
,,,,,,,,
,,,,,,,,
CT,M,Asian and Pacific Islander,1,0,0,1,0,0.000364921
,,,,,,,,
,,,,,,,,
CT,M,Asian and Pacific Islander,1,0,0,1,1,0.007898152
,,,,,,,,
,,,,,,,,
CT,M,Asian and Pacific Islander,1,0,1,0,0,5.711801533936034e-05
,,,,,,,,
,,,,,,,,
CT,M,Asian and Pacific Islander,1,0,1,0,1,0.000111063
,,,,,,,,
,,,,,,,,
CT,M,Asian and Pacific Islander,1,0,1,1,0,0.000152315
,,,,,,,,
,,,,,,,,
CT,M,Asian and Pacific Islander,1,0,1,1,1,0.000291937
,,,,,,,,
,,,,,,,,
CT,M,Asian and Pacific Islander,1,1,0,0,0,4.12518999673158e-05
,,,,,,,,
,,,,,,,,
CT,M,Asian and Pacific Islander,1,1,0,0,1,0.000206259
,,,,,,,,
,,,,,,,,
CT,M,Asian and Pacific Islander,1,1,0,1,0,0.000171354
,,,,,,,,
,,,,,,,,
CT,M,Asian and Pacific Islander,1,1,0,1,1,0.000640991
,,,,,,,,
,,,,,,,,
CT,M,Asian and Pacific Islander,1,1,1,0,0,1.2692892297635631e-05
,,,,,,,,
,,,,,,,,
CT,M,Asian and Pacific Islander,1,1,1,0,1,9.519669223226724e-06
,,,,,,,,
,,,,,,,,
CT,M,Asian and Pacific Islander,1,1,1,1,0,5.711801533936034e-05
,,,,,,,,
,,,,,,,,
CT,M,Asian and Pacific Islander,1,1,1,1,1,3.4905453818497984e-05
,,,,,,,,
,,,,,,,,
CT,M,Black,0,0,0,0,0,0.000288763
,,,,,,,,
,,,,,,,,
CT,M,Black,0,0,0,0,1,0.006302021
,,,,,,,,
,,,,,,,,
CT,M,Black,0,0,0,1,0,0.000250685
,,,,,,,,
,,,,,,,,
CT,M,Black,0,0,0,1,1,0.004267985
,,,,,,,,
,,,,,,,,
CT,M,Black,0,0,1,0,0,5.3944792264951435e-05
,,,,,,,,
,,,,,,,,
CT,M,Black,0,0,1,0,1,9.202346915785832e-05
,,,,,,,,
,,,,,,,,
CT,M,Black,0,0,1,1,0,5.0771569190542523e-05
,,,,,,,,
,,,,,,,,
CT,M,Black,0,0,1,1,1,0.000101543
,,,,,,,,
,,,,,,,,
CT,M,Black,0,1,0,0,0,7.933057686022269e-05
,,,,,,,,
,,,,,,,,
CT,M,Black,0,1,0,0,1,0.00019674
,,,,,,,,
,,,,,,,,
CT,M,Black,0,1,0,1,0,0.000111063
,,,,,,,,
,,,,,,,,
CT,M,Black,0,1,0,1,1,0.000253858
,,,,,,,,
,,,,,,,,
CT,M,Black,0,1,1,0,0,6.3464461488178154e-06
,,,,,,,,
,,,,,,,,
CT,M,Black,0,1,1,0,1,6.3464461488178154e-06
,,,,,,,,
,,,,,,,,
CT,M,Black,0,1,1,1,0,2.5385784595271262e-05
,,,,,,,,
,,,,,,,,
CT,M,Black,0,1,1,1,1,3.4905453818497984e-05
,,,,,,,,
,,,,,,,,
CT,M,Black,1,0,0,0,0,0.000999565
,,,,,,,,
,,,,,,,,
CT,M,Black,1,0,0,0,1,0.006870028
,,,,,,,,
,,,,,,,,
CT,M,Black,1,0,0,1,0,0.001275636
,,,,,,,,
,,,,,,,,
CT,M,Black,1,0,0,1,1,0.006302021
,,,,,,,,
,,,,,,,,
CT,M,Black,1,0,1,0,0,0.000237992
,,,,,,,,
,,,,,,,,
CT,M,Black,1,0,1,0,1,0.00018722
,,,,,,,,
,,,,,,,,
CT,M,Black,1,0,1,1,0,0.000466464
,,,,,,,,
,,,,,,,,
CT,M,Black,1,0,1,1,1,0.000431558
,,,,,,,,
,,,,,,,,
CT,M,Black,1,1,0,0,0,0.00019674
,,,,,,,,
,,,,,,,,
CT,M,Black,1,1,0,0,1,0.000279244
,,,,,,,,
,,,,,,,,
CT,M,Black,1,1,0,1,0,0.000336362
,,,,,,,,
,,,,,,,,
CT,M,Black,1,1,0,1,1,0.000510889
,,,,,,,,
,,,,,,,,
CT,M,Black,1,1,1,0,0,4.442512304172471e-05
,,,,,,,,
,,,,,,,,
CT,M,Black,1,1,1,0,1,2.855900766968017e-05
,,,,,,,,
,,,,,,,,
CT,M,Black,1,1,1,1,0,0.000117409
,,,,,,,,
,,,,,,,,
CT,M,Black,1,1,1,1,1,5.0771569190542523e-05
,,,,,,,,
,,,,,,,,
CT,M,Hispanic,0,0,0,0,0,0.001862682
,,,,,,,,
,,,,,,,,
CT,M,Hispanic,0,0,0,0,1,0.022234774082383217
,,,,,,,,
,,,,,,,,
CT,M,Hispanic,0,0,0,1,0,0.001780178
,,,,,,,,
,,,,,,,,
CT,M,Hispanic,0,0,0,1,1,0.014917321672796276
,,,,,,,,
,,,,,,,,
CT,M,Hispanic,0,0,1,0,0,0.000111063
,,,,,,,,
,,,,,,,,
CT,M,Hispanic,0,0,1,0,1,0.000212606
,,,,,,,,
,,,,,,,,
CT,M,Hispanic,0,0,1,1,0,0.000371267
,,,,,,,,
,,,,,,,,
CT,M,Hispanic,0,0,1,1,1,0.000377614
,,,,,,,,
,,,,,,,,
CT,M,Hispanic,0,1,0,0,0,0.000218952
,,,,,,,,
,,,,,,,,
CT,M,Hispanic,0,1,0,0,1,0.000523582
,,,,,,,,
,,,,,,,,
CT,M,Hispanic,0,1,0,1,0,0.000349055
,,,,,,,,
,,,,,,,,
CT,M,Hispanic,0,1,0,1,1,0.000698109
,,,,,,,,
,,,,,,,,
CT,M,Hispanic,0,1,1,0,0,1.586611537204454e-05
,,,,,,,,
,,,,,,,,
CT,M,Hispanic,0,1,1,0,1,3.173223074408908e-05
,,,,,,,,
,,,,,,,,
CT,M,Hispanic,0,1,1,1,0,7.933057686022269e-05
,,,,,,,,
,,,,,,,,
CT,M,Hispanic,0,1,1,1,1,3.8078676892906896e-05
,,,,,,,,
,,,,,,,,
CT,M,Hispanic,1,0,0,0,0,0.005438904
,,,,,,,,
,,,,,,,,
CT,M,Hispanic,1,0,0,0,1,0.017785915
,,,,,,,,
,,,,,,,,
CT,M,Hispanic,1,0,0,1,0,0.006079895
,,,,,,,,
,,,,,,,,
CT,M,Hispanic,1,0,0,1,1,0.017592348724522984
,,,,,,,,
,,,,,,,,
CT,M,Hispanic,1,0,1,0,0,0.000425212
,,,,,,,,
,,,,,,,,
CT,M,Hispanic,1,0,1,0,1,0.000247511
,,,,,,,,
,,,,,,,,
CT,M,Hispanic,1,0,1,1,0,0.001031297
,,,,,,,,
,,,,,,,,
CT,M,Hispanic,1,0,1,1,1,0.000745707
,,,,,,,,
,,,,,,,,
CT,M,Hispanic,1,1,0,0,0,0.000555314
,,,,,,,,
,,,,,,,,
CT,M,Hispanic,1,1,0,0,1,0.000498196
,,,,,,,,
,,,,,,,,
CT,M,Hispanic,1,1,0,1,0,0.001028124
,,,,,,,,
,,,,,,,,
CT,M,Hispanic,1,1,0,1,1,0.000980526
,,,,,,,,
,,,,,,,,
CT,M,Hispanic,1,1,1,0,0,8.885024608344943e-05
,,,,,,,,
,,,,,,,,
CT,M,Hispanic,1,1,1,0,1,4.12518999673158e-05
,,,,,,,,
,,,,,,,,
CT,M,Hispanic,1,1,1,1,0,0.000301456
,,,,,,,,
,,,,,,,,
CT,M,Hispanic,1,1,1,1,1,0.000114236
,,,,,,,,
,,,,,,,,
CT,M,White,0,0,0,0,0,0.001094762
,,,,,,,,
,,,,,,,,
CT,M,White,0,0,0,0,1,0.025119233857020914
,,,,,,,,
,,,,,,,,
CT,M,White,0,0,0,1,0,0.001129667
,,,,,,,,
,,,,,,,,
CT,M,White,0,0,0,1,1,0.017401955
,,,,,,,,
,,,,,,,,
CT,M,White,0,0,1,0,0,0.000142795
,,,,,,,,
,,,,,,,,
CT,M,White,0,0,1,0,1,0.000314149
,,,,,,,,
,,,,,,,,
CT,M,White,0,0,1,1,0,0.00029511
,,,,,,,,
,,,,,,,,
CT,M,White,0,0,1,1,1,0.000596566
,,,,,,,,
,,,,,,,,
CT,M,White,0,1,0,0,0,0.000475983
,,,,,,,,
,,,,,,,,
CT,M,White,0,1,0,0,1,0.001662769
,,,,,,,,
,,,,,,,,
CT,M,White,0,1,0,1,0,0.000723495
,,,,,,,,
,,,,,,,,
CT,M,White,0,1,0,1,1,0.001973745
,,,,,,,,
,,,,,,,,
CT,M,White,0,1,1,0,0,8.567702300904051e-05
,,,,,,,,
,,,,,,,,
CT,M,White,0,1,1,0,1,8.567702300904051e-05
,,,,,,,,
,,,,,,,,
CT,M,White,0,1,1,1,0,0.000225299
,,,,,,,,
,,,,,,,,
CT,M,White,0,1,1,1,1,0.000149141
,,,,,,,,
,,,,,,,,
CT,M,White,1,0,0,0,0,0.003833253
,,,,,,,,
,,,,,,,,
CT,M,White,1,0,0,0,1,0.024538534034404084
,,,,,,,,
,,,,,,,,
CT,M,White,1,0,0,1,0,0.004896283
,,,,,,,,
,,,,,,,,
CT,M,White,1,0,0,1,1,0.023339056
,,,,,,,,
,,,,,,,,
CT,M,White,1,0,1,0,0,0.000631471
,,,,,,,,
,,,,,,,,
CT,M,White,1,0,1,0,1,0.000488676
,,,,,,,,
,,,,,,,,
CT,M,White,1,0,1,1,0,0.001561226
,,,,,,,,
,,,,,,,,
CT,M,White,1,0,1,1,1,0.001462856
,,,,,,,,
,,,,,,,,
CT,M,White,1,1,0,0,0,0.001288329
,,,,,,,,
,,,,,,,,
CT,M,White,1,1,0,0,1,0.001789698
,,,,,,,,
,,,,,,,,
CT,M,White,1,1,0,1,0,0.002310106
,,,,,,,,
,,,,,,,,
CT,M,White,1,1,0,1,1,0.003090719
,,,,,,,,
,,,,,,,,
CT,M,White,1,1,1,0,0,0.000301456
,,,,,,,,
,,,,,,,,
CT,M,White,1,1,1,0,1,0.000161834
,,,,,,,,
,,,,,,,,
CT,M,White,1,1,1,1,0,0.000872636
,,,,,,,,
,,,,,,,,
CT,M,White,1,1,1,1,1,0.000352228
,,,,,,,,
,,,,,,,,
CT,M,Multiple/Other/Unknown,0,0,0,0,0,7.298413071140488e-05
,,,,,,,,
,,,,,,,,
CT,M,Multiple/Other/Unknown,0,0,0,0,1,0.002262508
,,,,,,,,
,,,,,,,,
CT,M,Multiple/Other/Unknown,0,0,0,1,0,5.0771569190542523e-05
,,,,,,,,
,,,,,,,,
CT,M,Multiple/Other/Unknown,0,0,0,1,1,0.001453336
,,,,,,,,
,,,,,,,,
CT,M,Multiple/Other/Unknown,0,0,1,0,0,9.519669223226724e-06
,,,,,,,,
,,,,,,,,
CT,M,Multiple/Other/Unknown,0,0,1,0,1,2.2212561520862357e-05
,,,,,,,,
,,,,,,,,
CT,M,Multiple/Other/Unknown,0,0,1,1,0,1.2692892297635631e-05
,,,,,,,,
,,,,,,,,
CT,M,Multiple/Other/Unknown,0,0,1,1,1,7.298413071140488e-05
,,,,,,,,
,,,,,,,,
CT,M,Multiple/Other/Unknown,0,1,0,0,0,6.3464461488178154e-06
,,,,,,,,
,,,,,,,,
CT,M,Multiple/Other/Unknown,0,1,0,0,1,6.029123841376925e-05
,,,,,,,,
,,,,,,,,
CT,M,Multiple/Other/Unknown,0,1,0,1,0,1.9039338446453448e-05
,,,,,,,,
,,,,,,,,
CT,M,Multiple/Other/Unknown,0,1,0,1,1,6.981090763699597e-05
,,,,,,,,
,,,,,,,,
CT,M,Multiple/Other/Unknown,0,1,1,0,0,3.1732230744089077e-06
,,,,,,,,
,,,,,,,,
CT,M,Multiple/Other/Unknown,0,1,1,0,1,3.1732230744089077e-06
,,,,,,,,
,,,,,,,,
CT,M,Multiple/Other/Unknown,0,1,1,1,0,3.1732230744089077e-06
,,,,,,,,
,,,,,,,,
CT,M,Multiple/Other/Unknown,0,1,1,1,1,6.3464461488178154e-06
,,,,,,,,
,,,,,,,,
CT,M,Multiple/Other/Unknown,1,0,0,0,0,0.000199913
,,,,,,,,
,,,,,,,,
CT,M,Multiple/Other/Unknown,1,0,0,0,1,0.001669115
,,,,,,,,
,,,,,,,,
CT,M,Multiple/Other/Unknown,1,0,0,1,0,0.000282417
,,,,,,,,
,,,,,,,,
CT,M,Multiple/Other/Unknown,1,0,0,1,1,0.001621517
,,,,,,,,
,,,,,,,,
CT,M,Multiple/Other/Unknown,1,0,1,0,0,2.855900766968017e-05
,,,,,,,,
,,,,,,,,
CT,M,Multiple/Other/Unknown,1,0,1,0,1,2.5385784595271262e-05
,,,,,,,,
,,,,,,,,
CT,M,Multiple/Other/Unknown,1,0,1,1,0,3.8078676892906896e-05
,,,,,,,,
,,,,,,,,
CT,M,Multiple/Other/Unknown,1,0,1,1,1,8.25037999346316e-05
,,,,,,,,
,,,,,,,,
CT,M,Multiple/Other/Unknown,1,1,0,0,0,3.8078676892906896e-05
,,,,,,,,
,,,,,,,,
CT,M,Multiple/Other/Unknown,1,1,0,0,1,4.12518999673158e-05
,,,,,,,,
,,,,,,,,
CT,M,Multiple/Other/Unknown,1,1,0,1,0,6.981090763699597e-05
,,,,,,,,
,,,,,,,,
CT,M,Multiple/Other/Unknown,1,1,0,1,1,0.000114236
,,,,,,,,
,,,,,,,,
CT,M,Multiple/Other/Unknown,1,1,1,0,0,3.1732230744089077e-06
,,,,,,,,
,,,,,,,,
CT,M,Multiple/Other/Unknown,1,1,1,0,1,6.3464461488178154e-06
,,,,,,,,
,,,,,,,,
CT,M,Multiple/Other/Unknown,1,1,1,1,0,2.855900766968017e-05
,,,,,,,,
,,,,,,,,
CT,M,Multiple/Other/Unknown,1,1,1,1,1,6.3464461488178154e-06
,,,,,,,,
,,,,,,,,
MR,F,Asian and Pacific Islander,0,0,0,0,0,3.4905453818497984e-05
,,,,,,,,
,,,,,,,,
MR,F,Asian and Pacific Islander,0,0,0,0,1,0.007948924
,,,,,,,,
,,,,,,,,
MR,F,Asian and Pacific Islander,0,0,0,1,0,2.5385784595271262e-05
,,,,,,,,
,,,,,,,,
MR,F,Asian and Pacific Islander,0,0,0,1,1,0.00547381
,,,,,,,,
,,,,,,,,
MR,F,Asian and Pacific Islander,0,0,1,0,0,3.1732230744089077e-06
,,,,,,,,
,,,,,,,,
MR,F,Asian and Pacific Islander,0,0,1,0,1,4.12518999673158e-05
,,,,,,,,
,,,,,,,,
MR,F,Asian and Pacific Islander,0,0,1,1,0,1.9039338446453448e-05
,,,,,,,,
,,,,,,,,
MR,F,Asian and Pacific Islander,0,0,1,1,1,9.836991530667615e-05
,,,,,,,,
,,,,,,,,
MR,F,Asian and Pacific Islander,0,1,0,0,0,6.3464461488178154e-06
,,,,,,,,
,,,,,,,,
MR,F,Asian and Pacific Islander,0,1,0,0,1,0.000120582
,,,,,,,,
,,,,,,,,
MR,F,Asian and Pacific Islander,0,1,0,1,0,1.586611537204454e-05
,,,,,,,,
,,,,,,,,
MR,F,Asian and Pacific Islander,0,1,0,1,1,0.000130102
,,,,,,,,
,,,,,,,,
MR,F,Asian and Pacific Islander,0,1,1,0,1,3.1732230744089077e-06
,,,,,,,,
,,,,,,,,
MR,F,Asian and Pacific Islander,0,1,1,1,1,3.1732230744089077e-06
,,,,,,,,
,,,,,,,,
MR,F,Asian and Pacific Islander,1,0,0,0,0,6.029123841376925e-05
,,,,,,,,
,,,,,,,,
MR,F,Asian and Pacific Islander,1,0,0,0,1,0.00144699
,,,,,,,,
,,,,,,,,
MR,F,Asian and Pacific Islander,1,0,0,1,0,9.202346915785832e-05
,,,,,,,,
,,,,,,,,
MR,F,Asian and Pacific Islander,1,0,0,1,1,0.001243903
,,,,,,,,
,,,,,,,,
MR,F,Asian and Pacific Islander,1,0,1,0,1,9.519669223226724e-06
,,,,,,,,
,,,,,,,,
MR,F,Asian and Pacific Islander,1,0,1,1,0,2.2212561520862357e-05
,,,,,,,,
,,,,,,,,
MR,F,Asian and Pacific Islander,1,0,1,1,1,3.8078676892906896e-05
,,,,,,,,
,,,,,,,,
MR,F,Asian and Pacific Islander,1,1,0,0,0,9.519669223226724e-06
,,,,,,,,
,,,,,,,,
MR,F,Asian and Pacific Islander,1,1,0,0,1,2.2212561520862357e-05
,,,,,,,,
,,,,,,,,
MR,F,Asian and Pacific Islander,1,1,0,1,0,1.2692892297635631e-05
,,,,,,,,
,,,,,,,,
MR,F,Asian and Pacific Islander,1,1,0,1,1,2.2212561520862357e-05
,,,,,,,,
,,,,,,,,
MR,F,Asian and Pacific Islander,1,1,1,1,1,6.3464461488178154e-06
,,,,,,,,
,,,,,,,,
MR,F,Black,0,0,0,0,0,0.000355401
,,,,,,,,
,,,,,,,,
MR,F,Black,0,0,0,0,1,0.00413471
,,,,,,,,
,,,,,,,,
MR,F,Black,0,0,0,1,0,0.000288763
,,,,,,,,
,,,,,,,,
MR,F,Black,0,0,0,1,1,0.001999131
,,,,,,,,
,,,,,,,,
MR,F,Black,0,0,1,0,0,2.2212561520862357e-05
,,,,,,,,
,,,,,,,,
MR,F,Black,0,0,1,0,1,3.173223074408908e-05
,,,,,,,,
,,,,,,,,
MR,F,Black,0,0,1,1,0,3.173223074408908e-05
,,,,,,,,
,,,,,,,,
MR,F,Black,0,0,1,1,1,5.711801533936034e-05
,,,,,,,,
,,,,,,,,
MR,F,Black,0,1,0,0,0,1.586611537204454e-05
,,,,,,,,
,,,,,,,,
MR,F,Black,0,1,0,0,1,4.442512304172471e-05
,,,,,,,,
,,,,,,,,
MR,F,Black,0,1,0,1,0,1.9039338446453448e-05
,,,,,,,,
,,,,,,,,
MR,F,Black,0,1,0,1,1,5.711801533936034e-05
,,,,,,,,
,,,,,,,,
MR,F,Black,0,1,1,0,1,3.1732230744089077e-06
,,,,,,,,
,,,,,,,,
MR,F,Black,0,1,1,1,0,3.1732230744089077e-06
,,,,,,,,
,,,,,,,,
MR,F,Black,0,1,1,1,1,3.1732230744089077e-06
,,,,,,,,
,,,,,,,,
MR,F,Black,1,0,0,0,0,0.000606086
,,,,,,,,
,,,,,,,,
MR,F,Black,1,0,0,0,1,0.002278374
,,,,,,,,
,,,,,,,,
MR,F,Black,1,0,0,1,0,0.000517235
,,,,,,,,
,,,,,,,,
MR,F,Black,1,0,0,1,1,0.001662769
,,,,,,,,
,,,,,,,,
MR,F,Black,1,0,1,0,0,5.711801533936034e-05
,,,,,,,,
,,,,,,,,
MR,F,Black,1,0,1,0,1,5.3944792264951435e-05
,,,,,,,,
,,,,,,,,
MR,F,Black,1,0,1,1,0,0.000123756
,,,,,,,,
,,,,,,,,
MR,F,Black,1,0,1,1,1,9.519669223226724e-05
,,,,,,,,
,,,,,,,,
MR,F,Black,1,1,0,0,0,3.8078676892906896e-05
,,,,,,,,
,,,,,,,,
MR,F,Black,1,1,0,0,1,2.2212561520862357e-05
,,,,,,,,
,,,,,,,,
MR,F,Black,1,1,0,1,0,4.759834611613362e-05
,,,,,,,,
,,,,,,,,
MR,F,Black,1,1,0,1,1,4.12518999673158e-05
,,,,,,,,
,,,,,,,,
MR,F,Black,1,1,1,0,0,3.1732230744089077e-06
,,,,,,,,
,,,,,,,,
MR,F,Black,1,1,1,1,0,1.2692892297635631e-05
,,,,,,,,
,,,,,,,,
MR,F,Black,1,1,1,1,1,6.3464461488178154e-06
,,,,,,,,
,,,,,,,,
MR,F,Hispanic,0,0,0,0,0,0.001608824
,,,,,,,,
,,,,,,,,
MR,F,Hispanic,0,0,0,0,1,0.016075548094955528
,,,,,,,,
,,,,,,,,
MR,F,Hispanic,0,0,0,1,0,0.001478722
,,,,,,,,
,,,,,,,,
MR,F,Hispanic,0,0,0,1,1,0.008751749
,,,,,,,,
,,,,,,,,
MR,F,Hispanic,0,0,1,0,0,9.836991530667615e-05
,,,,,,,,
,,,,,,,,
MR,F,Hispanic,0,0,1,0,1,0.000126929
,,,,,,,,
,,,,,,,,
MR,F,Hispanic,0,0,1,1,0,0.000142795
,,,,,,,,
,,,,,,,,
MR,F,Hispanic,0,0,1,1,1,0.000149141
,,,,,,,,
,,,,,,,,
MR,F,Hispanic,0,1,0,0,0,5.0771569190542523e-05
,,,,,,,,
,,,,,,,,
MR,F,Hispanic,0,1,0,0,1,0.000165008
,,,,,,,,
,,,,,,,,
MR,F,Hispanic,0,1,0,1,0,0.00010789
,,,,,,,,
,,,,,,,,
MR,F,Hispanic,0,1,0,1,1,0.000155488
,,,,,,,,
,,,,,,,,
MR,F,Hispanic,0,1,1,0,0,1.2692892297635631e-05
,,,,,,,,
,,,,,,,,
MR,F,Hispanic,0,1,1,1,0,3.1732230744089077e-06
,,,,,,,,
,,,,,,,,
MR,F,Hispanic,0,1,1,1,1,3.1732230744089077e-06
,,,,,,,,
,,,,,,,,
MR,F,Hispanic,1,0,0,0,0,0.001656422
,,,,,,,,
,,,,,,,,
MR,F,Hispanic,1,0,0,0,1,0.005403999
,,,,,,,,
,,,,,,,,
MR,F,Hispanic,1,0,0,1,0,0.001656422
,,,,,,,,
,,,,,,,,
MR,F,Hispanic,1,0,0,1,1,0.003595262
,,,,,,,,
,,,,,,,,
MR,F,Hispanic,1,0,1,0,0,6.981090763699597e-05
,,,,,,,,
,,,,,,,,
MR,F,Hispanic,1,0,1,0,1,5.0771569190542523e-05
,,,,,,,,
,,,,,,,,
MR,F,Hispanic,1,0,1,1,0,0.000152315
,,,,,,,,
,,,,,,,,
MR,F,Hispanic,1,0,1,1,1,9.519669223226724e-05
,,,,,,,,
,,,,,,,,
MR,F,Hispanic,1,1,0,0,0,5.711801533936034e-05
,,,,,,,,
,,,,,,,,
MR,F,Hispanic,1,1,0,0,1,3.8078676892906896e-05
,,,,,,,,
,,,,,,,,
MR,F,Hispanic,1,1,0,1,0,9.519669223226724e-05
,,,,,,,,
,,,,,,,,
MR,F,Hispanic,1,1,0,1,1,7.615735378581379e-05
,,,,,,,,
,,,,,,,,
MR,F,Hispanic,1,1,1,0,0,3.1732230744089077e-06
,,,,,,,,
,,,,,,,,
MR,F,Hispanic,1,1,1,1,0,1.9039338446453448e-05
,,,,,,,,
,,,,,,,,
MR,F,White,0,0,0,0,0,0.001189959
,,,,,,,,
,,,,,,,,
MR,F,White,0,0,0,0,1,0.023316843150756654
,,,,,,,,
,,,,,,,,
MR,F,White,0,0,0,1,0,0.001024951
,,,,,,,,
,,,,,,,,
MR,F,White,0,0,0,1,1,0.009840165
,,,,,,,,
,,,,,,,,
MR,F,White,0,0,1,0,0,9.519669223226724e-05
,,,,,,,,
,,,,,,,,
MR,F,White,0,0,1,0,1,0.00019674
,,,,,,,,
,,,,,,,,
MR,F,White,0,0,1,1,0,0.000126929
,,,,,,,,
,,,,,,,,
MR,F,White,0,0,1,1,1,0.000237992
,,,,,,,,
,,,,,,,,
MR,F,White,0,1,0,0,0,0.000130102
,,,,,,,,
,,,,,,,,
MR,F,White,0,1,0,0,1,0.000479157
,,,,,,,,
,,,,,,,,
MR,F,White,0,1,0,1,0,0.0001777
,,,,,,,,
,,,,,,,,
MR,F,White,0,1,0,1,1,0.000406173
,,,,,,,,
,,,,,,,,
MR,F,White,0,1,1,0,0,2.855900766968017e-05
,,,,,,,,
,,,,,,,,
MR,F,White,0,1,1,0,1,1.9039338446453448e-05
,,,,,,,,
,,,,,,,,
MR,F,White,0,1,1,1,0,2.855900766968017e-05
,,,,,,,,
,,,,,,,,
MR,F,White,0,1,1,1,1,1.586611537204454e-05
,,,,,,,,
,,,,,,,,
MR,F,White,1,0,0,0,0,0.002246642
,,,,,,,,
,,,,,,,,
MR,F,White,1,0,0,0,1,0.015282242
,,,,,,,,
,,,,,,,,
MR,F,White,1,0,0,1,0,0.002376744
,,,,,,,,
,,,,,,,,
MR,F,White,1,0,0,1,1,0.008675592
,,,,,,,,
,,,,,,,,
MR,F,White,1,0,1,0,0,0.000241165
,,,,,,,,
,,,,,,,,
MR,F,White,1,0,1,0,1,0.000257031
,,,,,,,,
,,,,,,,,
MR,F,White,1,0,1,1,0,0.000434732
,,,,,,,,
,,,,,,,,
MR,F,White,1,0,1,1,1,0.00038396
,,,,,,,,
,,,,,,,,
MR,F,White,1,1,0,0,0,0.000218952
,,,,,,,,
,,,,,,,,
MR,F,White,1,1,0,0,1,0.000368094
,,,,,,,,
,,,,,,,,
MR,F,White,1,1,0,1,0,0.000279244
,,,,,,,,
,,,,,,,,
MR,F,White,1,1,0,1,1,0.000418865
,,,,,,,,
,,,,,,,,
MR,F,White,1,1,1,0,0,3.173223074408908e-05
,,,,,,,,
,,,,,,,,
MR,F,White,1,1,1,0,1,1.586611537204454e-05
,,,,,,,,
,,,,,,,,
MR,F,White,1,1,1,1,0,6.346446148817816e-05
,,,,,,,,
,,,,,,,,
MR,F,White,1,1,1,1,1,4.759834611613362e-05
,,,,,,,,
,,,,,,,,
MR,F,Multiple/Other/Unknown,0,0,0,0,0,6.663768456258707e-05
,,,,,,,,
,,,,,,,,
MR,F,Multiple/Other/Unknown,0,0,0,0,1,0.002030863
,,,,,,,,
,,,,,,,,
MR,F,Multiple/Other/Unknown,0,0,0,1,0,7.615735378581379e-05
,,,,,,,,
,,,,,,,,
MR,F,Multiple/Other/Unknown,0,0,0,1,1,0.000910715
,,,,,,,,
,,,,,,,,
MR,F,Multiple/Other/Unknown,0,0,1,0,0,3.1732230744089077e-06
,,,,,,,,
,,,,,,,,
MR,F,Multiple/Other/Unknown,0,0,1,0,1,9.519669223226724e-06
,,,,,,,,
,,,,,,,,
MR,F,Multiple/Other/Unknown,0,0,1,1,1,2.5385784595271262e-05
,,,,,,,,
,,,,,,,,
MR,F,Multiple/Other/Unknown,0,1,0,0,0,6.3464461488178154e-06
,,,,,,,,
,,,,,,,,
MR,F,Multiple/Other/Unknown,0,1,0,0,1,1.586611537204454e-05
,,,,,,,,
,,,,,,,,
MR,F,Multiple/Other/Unknown,0,1,0,1,0,6.3464461488178154e-06
,,,,,,,,
,,,,,,,,
MR,F,Multiple/Other/Unknown,0,1,0,1,1,9.519669223226724e-06
,,,,,,,,
,,,,,,,,
MR,F,Multiple/Other/Unknown,1,0,0,0,0,0.000117409
,,,,,,,,
,,,,,,,,
MR,F,Multiple/Other/Unknown,1,0,0,0,1,0.000818692
,,,,,,,,
,,,,,,,,
MR,F,Multiple/Other/Unknown,1,0,0,1,0,0.000120582
,,,,,,,,
,,,,,,,,
MR,F,Multiple/Other/Unknown,1,0,0,1,1,0.00047281
,,,,,,,,
,,,,,,,,
MR,F,Multiple/Other/Unknown,1,0,1,0,0,1.2692892297635631e-05
,,,,,,,,
,,,,,,,,
MR,F,Multiple/Other/Unknown,1,0,1,0,1,6.3464461488178154e-06
,,,,,,,,
,,,,,,,,
MR,F,Multiple/Other/Unknown,1,0,1,1,0,9.519669223226724e-06
,,,,,,,,
,,,,,,,,
MR,F,Multiple/Other/Unknown,1,0,1,1,1,2.855900766968017e-05
,,,,,,,,
,,,,,,,,
MR,F,Multiple/Other/Unknown,1,1,0,0,0,6.3464461488178154e-06
,,,,,,,,
,,,,,,,,
MR,F,Multiple/Other/Unknown,1,1,0,0,1,1.586611537204454e-05
,,,,,,,,
,,,,,,,,
MR,F,Multiple/Other/Unknown,1,1,0,1,0,9.519669223226724e-06
,,,,,,,,
,,,,,,,,
MR,F,Multiple/Other/Unknown,1,1,0,1,1,1.2692892297635631e-05
,,,,,,,,
,,,,,,,,
MR,F,Multiple/Other/Unknown,1,1,1,1,0,3.1732230744089077e-06
,,,,,,,,
,,,,,,,,
MR,M,Asian and Pacific Islander,0,0,0,0,0,3.1732230744089077e-06
,,,,,,,,
,,,,,,,,
MR,M,Asian and Pacific Islander,0,0,0,0,1,0.002798783
,,,,,,,,
,,,,,,,,
MR,M,Asian and Pacific Islander,0,0,0,1,0,1.586611537204454e-05
,,,,,,,,
,,,,,,,,
MR,M,Asian and Pacific Islander,0,0,0,1,1,0.002906672
,,,,,,,,
,,,,,,,,
MR,M,Asian and Pacific Islander,0,0,1,0,1,3.8078676892906896e-05
,,,,,,,,
,,,,,,,,
MR,M,Asian and Pacific Islander,0,0,1,1,1,6.981090763699597e-05
,,,,,,,,
,,,,,,,,
MR,M,Asian and Pacific Islander,0,1,0,0,1,6.981090763699597e-05
,,,,,,,,
,,,,,,,,
MR,M,Asian and Pacific Islander,0,1,0,1,0,6.3464461488178154e-06
,,,,,,,,
,,,,,,,,
MR,M,Asian and Pacific Islander,0,1,0,1,1,9.519669223226724e-05
,,,,,,,,
,,,,,,,,
MR,M,Asian and Pacific Islander,0,1,1,0,1,3.1732230744089077e-06
,,,,,,,,
,,,,,,,,
MR,M,Asian and Pacific Islander,0,1,1,1,0,3.1732230744089077e-06
,,,,,,,,
,,,,,,,,
MR,M,Asian and Pacific Islander,0,1,1,1,1,3.1732230744089077e-06
,,,,,,,,
,,,,,,,,
MR,M,Asian and Pacific Islander,1,0,0,0,0,1.586611537204454e-05
,,,,,,,,
,,,,,,,,
MR,M,Asian and Pacific Islander,1,0,0,0,1,0.002002304
,,,,,,,,
,,,,,,,,
MR,M,Asian and Pacific Islander,1,0,0,1,0,3.173223074408908e-05
,,,,,,,,
,,,,,,,,
MR,M,Asian and Pacific Islander,1,0,0,1,1,0.003277939
,,,,,,,,
,,,,,,,,
MR,M,Asian and Pacific Islander,1,0,1,0,0,9.519669223226724e-06
,,,,,,,,
,,,,,,,,
MR,M,Asian and Pacific Islander,1,0,1,0,1,2.855900766968017e-05
,,,,,,,,
,,,,,,,,
MR,M,Asian and Pacific Islander,1,0,1,1,0,2.855900766968017e-05
,,,,,,,,
,,,,,,,,
MR,M,Asian and Pacific Islander,1,0,1,1,1,0.000136449
,,,,,,,,
,,,,,,,,
MR,M,Asian and Pacific Islander,1,1,0,0,0,3.1732230744089077e-06
,,,,,,,,
,,,,,,,,
MR,M,Asian and Pacific Islander,1,1,0,0,1,7.615735378581379e-05
,,,,,,,,
,,,,,,,,
MR,M,Asian and Pacific Islander,1,1,0,1,0,1.586611537204454e-05
,,,,,,,,
,,,,,,,,
MR,M,Asian and Pacific Islander,1,1,0,1,1,0.000158661
,,,,,,,,
,,,,,,,,
MR,M,Asian and Pacific Islander,1,1,1,1,0,6.3464461488178154e-06
,,,,,,,,
,,,,,,,,
MR,M,Asian and Pacific Islander,1,1,1,1,1,1.2692892297635631e-05
,,,,,,,,
,,,,,,,,
MR,M,Black,0,0,0,0,0,2.855900766968017e-05
,,,,,,,,
,,,,,,,,
MR,M,Black,0,0,0,0,1,0.001808737
,,,,,,,,
,,,,,,,,
MR,M,Black,0,0,0,1,0,4.759834611613362e-05
,,,,,,,,
,,,,,,,,
MR,M,Black,0,0,0,1,1,0.001320061
,,,,,,,,
,,,,,,,,
MR,M,Black,0,0,1,0,0,1.2692892297635631e-05
,,,,,,,,
,,,,,,,,
MR,M,Black,0,0,1,0,1,4.442512304172471e-05
,,,,,,,,
,,,,,,,,
MR,M,Black,0,0,1,1,0,2.855900766968017e-05
,,,,,,,,
,,,,,,,,
MR,M,Black,0,0,1,1,1,5.711801533936034e-05
,,,,,,,,
,,,,,,,,
MR,M,Black,0,1,0,0,1,3.8078676892906896e-05
,,,,,,,,
,,,,,,,,
MR,M,Black,0,1,0,1,0,9.519669223226724e-06
,,,,,,,,
,,,,,,,,
MR,M,Black,0,1,0,1,1,5.3944792264951435e-05
,,,,,,,,
,,,,,,,,
MR,M,Black,0,1,1,0,0,3.1732230744089077e-06
,,,,,,,,
,,,,,,,,
MR,M,Black,0,1,1,0,1,3.1732230744089077e-06
,,,,,,,,
,,,,,,,,
MR,M,Black,0,1,1,1,0,3.1732230744089077e-06
,,,,,,,,
,,,,,,,,
MR,M,Black,0,1,1,1,1,3.1732230744089077e-06
,,,,,,,,
,,,,,,,,
MR,M,Black,1,0,0,0,0,0.000120582
,,,,,,,,
,,,,,,,,
MR,M,Black,1,0,0,0,1,0.00182143
,,,,,,,,
,,,,,,,,
MR,M,Black,1,0,0,1,0,0.000193567
,,,,,,,,
,,,,,,,,
MR,M,Black,1,0,0,1,1,0.001881721
,,,,,,,,
,,,,,,,,
MR,M,Black,1,0,1,0,0,3.173223074408908e-05
,,,,,,,,
,,,,,,,,
MR,M,Black,1,0,1,0,1,4.442512304172471e-05
,,,,,,,,
,,,,,,,,
MR,M,Black,1,0,1,1,0,7.933057686022269e-05
,,,,,,,,
,,,,,,,,
MR,M,Black,1,0,1,1,1,0.000158661
,,,,,,,,
,,,,,,,,
MR,M,Black,1,1,0,0,0,1.9039338446453448e-05
,,,,,,,,
,,,,,,,,
MR,M,Black,1,1,0,0,1,6.981090763699597e-05
,,,,,,,,
,,,,,,,,
MR,M,Black,1,1,0,1,0,3.4905453818497984e-05
,,,,,,,,
,,,,,,,,
MR,M,Black,1,1,0,1,1,6.981090763699597e-05
,,,,,,,,
,,,,,,,,
MR,M,Black,1,1,1,0,0,9.519669223226724e-06
,,,,,,,,
,,,,,,,,
MR,M,Black,1,1,1,0,1,6.3464461488178154e-06
,,,,,,,,
,,,,,,,,
MR,M,Black,1,1,1,1,0,9.519669223226724e-06
,,,,,,,,
,,,,,,,,
MR,M,Black,1,1,1,1,1,3.1732230744089077e-06
,,,,,,,,
,,,,,,,,
MR,M,Hispanic,0,0,0,0,0,0.000222126
,,,,,,,,
,,,,,,,,
MR,M,Hispanic,0,0,0,0,1,0.007212736
,,,,,,,,
,,,,,,,,
MR,M,Hispanic,0,0,0,1,0,0.000241165
,,,,,,,,
,,,,,,,,
MR,M,Hispanic,0,0,0,1,1,0.005721321
,,,,,,,,
,,,,,,,,
MR,M,Hispanic,0,0,1,0,0,1.586611537204454e-05
,,,,,,,,
,,,,,,,,
MR,M,Hispanic,0,0,1,0,1,6.981090763699597e-05
,,,,,,,,
,,,,,,,,
MR,M,Hispanic,0,0,1,1,0,4.442512304172471e-05
,,,,,,,,
,,,,,,,,
MR,M,Hispanic,0,0,1,1,1,0.000149141
,,,,,,,,
,,,,,,,,
MR,M,Hispanic,0,1,0,0,0,2.5385784595271262e-05
,,,,,,,,
,,,,,,,,
MR,M,Hispanic,0,1,0,0,1,0.000130102
,,,,,,,,
,,,,,,,,
MR,M,Hispanic,0,1,0,1,0,5.0771569190542523e-05
,,,,,,,,
,,,,,,,,
MR,M,Hispanic,0,1,0,1,1,0.00018722
,,,,,,,,
,,,,,,,,
MR,M,Hispanic,0,1,1,0,0,3.1732230744089077e-06
,,,,,,,,
,,,,,,,,
MR,M,Hispanic,0,1,1,1,0,1.9039338446453448e-05
,,,,,,,,
,,,,,,,,
MR,M,Hispanic,0,1,1,1,1,1.2692892297635631e-05
,,,,,,,,
,,,,,,,,
MR,M,Hispanic,1,0,0,0,0,0.000736188
,,,,,,,,
,,,,,,,,
MR,M,Hispanic,1,0,0,0,1,0.006184612
,,,,,,,,
,,,,,,,,
MR,M,Hispanic,1,0,0,1,0,0.001088416
,,,,,,,,
,,,,,,,,
MR,M,Hispanic,1,0,0,1,1,0.006603477
,,,,,,,,
,,,,,,,,
MR,M,Hispanic,1,0,1,0,0,0.000101543
,,,,,,,,
,,,,,,,,
MR,M,Hispanic,1,0,1,0,1,6.663768456258707e-05
,,,,,,,,
,,,,,,,,
MR,M,Hispanic,1,0,1,1,0,0.0001777
,,,,,,,,
,,,,,,,,
MR,M,Hispanic,1,0,1,1,1,0.000225299
,,,,,,,,
,,,,,,,,
MR,M,Hispanic,1,1,0,0,0,7.615735378581379e-05
,,,,,,,,
,,,,,,,,
MR,M,Hispanic,1,1,0,0,1,0.00010789
,,,,,,,,
,,,,,,,,
MR,M,Hispanic,1,1,0,1,0,0.000123756
,,,,,,,,
,,,,,,,,
MR,M,Hispanic,1,1,0,1,1,0.000193567
,,,,,,,,
,,,,,,,,
MR,M,Hispanic,1,1,1,0,0,9.519669223226724e-06
,,,,,,,,
,,,,,,,,
MR,M,Hispanic,1,1,1,0,1,6.3464461488178154e-06
,,,,,,,,
,,,,,,,,
MR,M,Hispanic,1,1,1,1,0,2.855900766968017e-05
,,,,,,,,
,,,,,,,,
MR,M,Hispanic,1,1,1,1,1,1.9039338446453448e-05
,,,,,,,,
,,,,,,,,
MR,M,White,0,0,0,0,0,0.00019674
,,,,,,,,
,,,,,,,,
MR,M,White,0,0,0,0,1,0.013517930296981947
,,,,,,,,
,,,,,,,,
MR,M,White,0,0,0,1,0,0.000266551
,,,,,,,,
,,,,,,,,
MR,M,White,0,0,0,1,1,0.010036904584355376
,,,,,,,,
,,,,,,,,
MR,M,White,0,0,1,0,0,4.442512304172471e-05
,,,,,,,,
,,,,,,,,
MR,M,White,0,0,1,0,1,0.000155488
,,,,,,,,
,,,,,,,,
MR,M,White,0,0,1,1,0,6.663768456258707e-05
,,,,,,,,
,,,,,,,,
MR,M,White,0,0,1,1,1,0.000301456
,,,,,,,,
,,,,,,,,
MR,M,White,0,1,0,0,0,2.5385784595271262e-05
,,,,,,,,
,,,,,,,,
MR,M,White,0,1,0,0,1,0.00057118
,,,,,,,,
,,,,,,,,
MR,M,White,0,1,0,1,0,7.298413071140488e-05
,,,,,,,,
,,,,,,,,
MR,M,White,0,1,0,1,1,0.000691763
,,,,,,,,
,,,,,,,,
MR,M,White,0,1,1,0,0,1.2692892297635631e-05
,,,,,,,,
,,,,,,,,
MR,M,White,0,1,1,0,1,1.586611537204454e-05
,,,,,,,,
,,,,,,,,
MR,M,White,0,1,1,1,0,1.9039338446453448e-05
,,,,,,,,
,,,,,,,,
MR,M,White,0,1,1,1,1,3.8078676892906896e-05
,,,,,,,,
,,,,,,,,
MR,M,White,1,0,0,0,0,0.000666377
,,,,,,,,
,,,,,,,,
MR,M,White,1,0,0,0,1,0.012508845359319915
,,,,,,,,
,,,,,,,,
MR,M,White,1,0,0,1,0,0.000990046
,,,,,,,,
,,,,,,,,
MR,M,White,1,0,0,1,1,0.012201042721102251
,,,,,,,,
,,,,,,,,
MR,M,White,1,0,1,0,0,0.000174527
,,,,,,,,
,,,,,,,,
MR,M,White,1,0,1,0,1,0.000301456
,,,,,,,,
,,,,,,,,
MR,M,White,1,0,1,1,0,0.000456944
,,,,,,,,
,,,,,,,,
MR,M,White,1,0,1,1,1,0.000717148
,,,,,,,,
,,,,,,,,
MR,M,White,1,1,0,0,0,0.000180874
,,,,,,,,
,,,,,,,,
MR,M,White,1,1,0,0,1,0.000593393
,,,,,,,,
,,,,,,,,
MR,M,White,1,1,0,1,0,0.000330015
,,,,,,,,
,,,,,,,,
MR,M,White,1,1,0,1,1,0.000929754
,,,,,,,,
,,,,,,,,
MR,M,White,1,1,1,0,0,2.5385784595271262e-05
,,,,,,,,
,,,,,,,,
MR,M,White,1,1,1,0,1,3.4905453818497984e-05
,,,,,,,,
,,,,,,,,
MR,M,White,1,1,1,1,0,0.000142795
,,,,,,,,
,,,,,,,,
MR,M,White,1,1,1,1,1,9.836991530667615e-05
,,,,,,,,
,,,,,,,,
MR,M,Multiple/Other/Unknown,0,0,0,0,0,6.3464461488178154e-06
,,,,,,,,
,,,,,,,,
MR,M,Multiple/Other/Unknown,0,0,0,0,1,0.001091589
,,,,,,,,
,,,,,,,,
MR,M,Multiple/Other/Unknown,0,0,0,1,0,9.519669223226724e-06
,,,,,,,,
,,,,,,,,
MR,M,Multiple/Other/Unknown,0,0,0,1,1,0.000780613
,,,,,,,,
,,,,,,,,
MR,M,Multiple/Other/Unknown,0,0,1,0,0,3.1732230744089077e-06
,,,,,,,,
,,,,,,,,
MR,M,Multiple/Other/Unknown,0,0,1,0,1,1.586611537204454e-05
,,,,,,,,
,,,,,,,,
MR,M,Multiple/Other/Unknown,0,0,1,1,0,6.3464461488178154e-06
,,,,,,,,
,,,,,,,,
MR,M,Multiple/Other/Unknown,0,0,1,1,1,2.2212561520862357e-05
,,,,,,,,
,,,,,,,,
MR,M,Multiple/Other/Unknown,0,1,0,0,1,4.442512304172471e-05
,,,,,,,,
,,,,,,,,
MR,M,Multiple/Other/Unknown,0,1,0,1,1,2.2212561520862357e-05
,,,,,,,,
,,,,,,,,
MR,M,Multiple/Other/Unknown,0,1,1,1,0,6.3464461488178154e-06
,,,,,,,,
,,,,,,,,
MR,M,Multiple/Other/Unknown,1,0,0,0,0,3.173223074408908e-05
,,,,,,,,
,,,,,,,,
MR,M,Multiple/Other/Unknown,1,0,0,0,1,0.000720322
,,,,,,,,
,,,,,,,,
MR,M,Multiple/Other/Unknown,1,0,0,1,0,5.711801533936034e-05
,,,,,,,,
,,,,,,,,
MR,M,Multiple/Other/Unknown,1,0,0,1,1,0.000805999
,,,,,,,,
,,,,,,,,
MR,M,Multiple/Other/Unknown,1,0,1,0,0,6.3464461488178154e-06
,,,,,,,,
,,,,,,,,
MR,M,Multiple/Other/Unknown,1,0,1,0,1,9.519669223226724e-06
,,,,,,,,
,,,,,,,,
MR,M,Multiple/Other/Unknown,1,0,1,1,0,1.9039338446453448e-05
,,,,,,,,
,,,,,,,,
MR,M,Multiple/Other/Unknown,1,0,1,1,1,3.4905453818497984e-05
,,,,,,,,
,,,,,,,,
MR,M,Multiple/Other/Unknown,1,1,0,0,0,1.586611537204454e-05
,,,,,,,,
,,,,,,,,
MR,M,Multiple/Other/Unknown,1,1,0,0,1,1.9039338446453448e-05
,,,,,,,,
,,,,,,,,
MR,M,Multiple/Other/Unknown,1,1,0,1,0,9.519669223226724e-06
,,,,,,,,
,,,,,,,,
MR,M,Multiple/Other/Unknown,1,1,0,1,1,2.5385784595271262e-05
,,,,,,,,
,,,,,,,,
MR,M,Multiple/Other/Unknown,1,1,1,1,1,3.1732230744089077e-06